,Start Latitude,Start Longitude,Number Out,Number In
0,40.7423543,-73.98915076,285239,280352
1,40.69512845,-73.99595065,129149,146776
2,40.73524276,-73.98758561,127196,126463
3,40.70569254,-74.01677685,331255,385951
4,40.75038009,-73.98338988,246674,277796
5,40.73454567,-73.99074142,638448,735517
6,40.7454973,-74.00197139,418411,515136
7,40.72229346,-73.99147535,289613,343760
8,40.7405826,-74.00550867,91736,96173
9,40.76584941,-73.98690506,190889,233207
10,40.714215,-73.981346,164930,165875
11,40.68981035,-73.97493121,98543,119409
12,40.7462009,-73.98855723,382752,441996
13,40.744023,-73.976056,189819,185924
14,40.7149787,-74.013012,212819,263875
15,40.73827428,-73.98751968,316475,369857
16,40.71939226,-74.00247214,245257,293127
17,40.74734825,-73.99723551,396721,462039
18,40.73401143,-74.00293877,407293,488715
19,40.76095756,-73.96724467,314650,372012
20,40.76669671,-73.99061728,255556,298481
21,40.74475148,-73.99915362,387211,458222
22,40.73781509,-73.99994661,270095,323911
23,40.74394314,-73.97966069,342238,406513
24,40.722103786686034,-73.99724900722504,406204,508744
25,40.722055,-73.989111,354507,419081
26,40.73935542,-73.99931783,393919,456999
27,40.7262807,-73.98978041,310891,372195
28,40.71893904,-73.99266288,321106,361106
29,40.73291553,-74.00711384,559376,639376
30,40.71602118,-73.99974372,243975,290417
31,40.68382604,-73.97632328,110227,144305
32,40.68522671947255,-73.97800147533417,1191,1285
33,40.72740794,-73.98142006,423412,515464
34,40.75640548,-73.9900262,559355,638179
35,40.73020660529954,-73.99102628231049,320498,407473
36,40.7568001,-73.98291153,187880,193650
37,40.72110063,-73.9919254,209570,258700
38,40.75066386,-74.00176802,190658,264825
39,40.751581,-73.97791,319040,308402
40,40.724399,-74.004704,92078,93974
41,40.716633,-73.981933,351,661
42,40.71870987,-74.0090009,127525,144802
43,40.72621788,-73.98379855,421295,504002
44,40.71911552,-74.00666661,191809,225938
45,40.76727216,-73.99392888,263723,297862
46,40.75513557,-73.98658032,401910,442982
47,40.73535398,-74.00483091,216047,267156
48,40.7158155,-73.99422366,266768,311760
49,40.75096734871598,-73.99444207549095,104253,91335
50,40.751551,-73.993934,592469,645460
51,40.73224119,-74.00026394,223926,274872
52,40.74901271,-73.98848395,464648,555115
53,40.7606597,-73.98042047,104214,154040
54,40.71044554,-73.96525063,127166,164316
55,40.75019995,-73.99093085,467281,561679
56,40.7284186,-73.98713956,368871,450852
57,40.71117444,-73.99682619,142547,168179
58,40.73261787,-73.99158043,155456,155307
59,40.710451,-73.960876,275545,333058
60,40.72743423,-73.99379025,438030,503927
61,40.72362738,-73.99949601,254135,319458
62,40.74345335,-74.00004031,301303,359051
63,40.69363137,-73.96223558,82141,107797
64,40.728145,-73.990214,96871,99693
65,40.69236178,-73.98631746,176532,205732
66,40.69475701363877,-73.99052739143372,8335,7573
67,40.73221853,-73.98165557,461644,539629
68,40.71260486,-73.96264403,138889,173658
69,40.69089272,-73.99612349,126608,152868
70,40.69239502,-73.99337909,125312,148350
71,40.756014,-73.967416,153407,153425
72,40.69196035,-73.96536851,95141,112945
73,40.759107,-73.959223,68350,81951
74,40.7643971,-73.97371465,471569,512761
75,40.76341379,-73.99667444,259089,290473
76,40.71406667,-73.99293911,186299,216196
77,40.68764484,-73.96968902,63377,73022
78,40.72066442,-73.98517977,315099,361280
79,40.74290902,-73.97706058,373702,436225
80,40.7172274,-73.98802084,238993,309576
81,40.72405549,-74.00965965,243237,275515
82,40.69308257,-73.97178913,110153,130601
83,40.71625008,-74.0091059,195014,230251
84,40.74395411,-73.99144871,379692,441838
85,40.75645824,-73.99372222,186293,190917
86,40.76370739,-73.9851615,338596,394012
87,40.75172632,-73.98753523,186449,195672
88,40.76087502,-74.00277668,558531,670428
89,40.70122128,-74.01234218,195770,237804
90,40.73049393,-73.9957214,92144,94068
91,40.72317958,-73.99480012,367465,435595
92,40.7361967,-74.00859207,226514,261924
93,40.70862144,-74.00722156,156475,179041
94,40.70277159,-73.99383605,204495,253195
95,40.73587678,-73.98205027,366508,433515
96,40.695065,-73.987167,133228,163790
97,40.739323,-74.008119,365979,432349
98,40.746745,-74.007756,540004,562980
99,40.72467721,-73.98783413,175200,209786
100,40.73226398,-73.99852205,254349,299776
101,40.683048,-73.964915,34505,34571
102,40.72243797,-74.00566443,244022,288981
103,40.701907,-74.013942,156177,185084
104,40.69196566,-73.9813018,132676,145666
105,40.69766564,-73.98476437,59018,70357
106,40.76019252,-73.9912551,388779,449431
107,40.73971301,-73.99456405,463341,539521
108,40.72299208,-73.97995466,164566,189076
109,40.74780373,-73.9734419,382174,378161
110,40.72679454,-73.99695094,120910,124443
111,40.689888,-73.981013,140063,216214
112,40.75206862,-73.96784384,126862,149627
113,40.746647,-73.993915,402565,468276
114,40.76030096,-73.99884222,342061,432108
115,40.71754834,-74.01322069,694145,833981
116,40.72953837,-73.98426726,334181,397688
117,40.71117416,-74.00016545,84757,100024
118,40.72490985,-74.00154702,177211,189982
119,40.71285887,-73.96590294,198645,258688
120,40.71559509,-73.9870295,259040,335252
121,40.7208736,-73.98085795,203616,246595
122,40.71307916,-73.99851193,154805,186226
123,40.73047747,-73.99906065,320951,374328
124,40.74195138,-74.00803013,116605,126563
125,40.76227205,-73.98788205,361074,407343
126,40.76344058,-73.98268129,255040,251604
127,40.75466591,-73.99138152,463383,459166
128,40.7390169121,-74.0026376103,443812,535544
129,40.71850211,-73.98329859,162531,199978
130,40.72917025,-73.99810231,349820,411073
131,40.71534825,-73.96024116,243626,309918
132,40.72015227023285,-74.01036500930786,16046,15958
133,40.69165183,-73.9999786,143915,188629
134,40.73492695,-73.99200509,423216,437579
135,40.7489006,-73.97604882,302497,296178
136,40.7403432,-73.98955109,674669,713852
137,40.71494807,-74.00234482,179216,209699
138,40.68683208,-73.9796772,64296,91294
139,40.74691959,-74.00451887,432419,509434
140,40.72019576,-73.98997825,339040,400402
141,40.70823502,-74.00530063,128228,130673
142,40.74177603,-74.00149746,309915,353694
143,40.68753406,-73.97265183,91085,104057
144,40.770513,-73.988038,222297,261430
145,40.76228826,-73.98336183,254201,301532
146,40.70255065,-74.0127234,128710,138312
147,40.68415748,-73.96922273,57798,62843
148,40.76269882,-73.99301222,283360,334220
149,40.74238787,-73.99726235,355941,420567
150,40.73038599,-74.00214988,546525,652873
151,40.728846,-74.008591,285363,342056
152,40.74854862,-73.98808416,282395,275953
153,40.73331967,-73.99510132,232623,234801
154,40.680342423,-73.9557689392,61516,74312
155,40.76020258,-73.96478473,63706,62594
156,40.72779126,-73.98564945,324959,377614
157,40.74487634,-73.99529885,452268,528649
158,40.751396,-74.005226,370142,432303
159,40.74334935,-74.00681753,312930,367246
160,40.739445,-73.976806,266383,330281
161,40.76009437,-73.99461843,318838,391302
162,40.68807003,-73.98410637,47109,47314
163,40.74311555376486,-73.98215353488922,240744,279753
164,40.7500727,-73.99839279,74797,120170
165,40.68650065,-73.96563307,62584,74153
166,40.707644944175705,-73.96841526031494,96737,125334
167,40.74173969,-73.99415556,732353,864946
168,40.72502876,-73.99069656,253564,306851
169,40.74206539,-74.00443172,118639,123041
170,40.71910537,-73.99973337,274773,323943
171,40.72710258,-74.00297088,420473,475697
172,40.69610226,-73.96751037,88485,113274
173,40.72938685,-73.97772429,179917,201249
174,40.69760127,-73.99344559,168756,173016
175,40.76068327096592,-73.9845272898674,291711,289692
176,40.693261,-73.968896,137650,163797
177,40.70281858,-73.98765762,84950,93098
178,40.73912601,-73.97973776,374811,435988
179,40.73704984,-73.99009296,759541,914651
180,40.68539567,-73.97431458,69724,87217
181,40.749717753,-74.002950346,293845,340698
182,40.75714758,-73.97207836,194787,211458
183,40.71413089,-73.9970468,182145,186275
184,40.73172428,-74.00674436,422282,471550
185,40.69991755,-73.98971773,117190,130489
186,40.71473993,-74.00910627,106336,133624
187,40.75594159,-74.0021163,266306,345686
188,40.6466068,-74.01597,189,184
189,40.70834698,-74.01713445,287701,330327
190,40.71605866,-73.99190759,302783,363798
191,40.68940747,-73.96885458,106574,118678
192,40.7457121,-73.98194829,419592,467333
193,40.717571,-74.005549,166101,198764
194,40.73543934,-73.99453948,147080,147949
195,40.71622644,-73.98261206,139509,143097
196,40.68223166,-73.9614583,54016,51556
197,40.7597108,-73.97402311,203859,244111
198,40.69383,-73.990539,82807,78023
199,40.76695317,-73.98169333,319428,365842
200,40.75323098,-73.97032517,213104,245801
201,40.73649403,-73.99704374,244193,244567
202,40.6809833854,-73.9500479759,84971,99297
203,40.688226,-73.979382,49373,62960
204,40.75660359,-73.9979009,296490,345278
205,40.70463334,-74.01361706,289143,363046
206,40.6917823,-73.9737299,69351,79627
207,40.73624527,-73.98473765,271573,318784
208,40.70706456,-74.00731853,168502,193053
209,40.75001986,-73.96905301,211460,242548
210,40.771522,-73.990541,181273,185415
211,40.70037867,-73.99548059,58481,66392
212,40.711512,-74.015756,435679,438001
213,40.7652654,-73.98192338,379845,386625
214,40.73652889,-74.00618026,273583,319375
215,40.76590936,-73.97634151,500891,581701
216,40.75828065,-73.97069431,124652,159806
217,40.6851443,-73.95380904,67709,87304
218,40.751873,-73.977706,837054,885370
219,40.74144387,-73.97536082,312484,358542
220,40.71427487,-73.98990025,335687,403794
221,40.71076228,-73.99400398,116253,139554
222,40.71450451,-74.00562789,173512,194772
223,40.71542197,-74.01121978,164376,171386
224,40.73314259,-73.97573881,310707,347441
225,40.72955361,-73.98057249,233730,228566
226,40.74025878,-73.98409214,292389,346448
227,40.72217444,-73.98368779,320782,396706
228,40.68900443,-73.96023854,80924,96358
229,40.73532427,-73.99800419,226703,268925
230,40.68851534,-73.9647628,90648,91927
231,40.71291224,-74.01020234,332618,356342
232,40.76461837,-73.98789473,112516,104417
233,40.72521311,-73.97768752,254135,288979
234,40.7037992,-74.00838676,119285,133244
235,40.69474881,-73.98362464,97646,117393
236,40.7014851,-73.98656928,108108,112295
237,40.70355377,-74.00670227,271700,313172
238,40.73381219196632,-73.98054420948029,276015,339003
239,40.73223272,-73.98889957,354403,393026
240,40.70365182,-74.01167797,100105,127231
241,40.68926942,-73.98912867,127074,148082
242,40.70955958,-74.00653609,171090,180793
243,40.72453734,-73.98185424,290505,363545
244,40.734232,-73.986923,373542,437525
245,40.71748752,-74.0104554,152991,171681
246,40.75455731,-73.96592976,165561,196822
247,40.70224,-73.982578,73731,92408
248,40.75299641,-73.98721619,241572,239824
249,40.713126,-73.984844,122132,144479
250,40.71219906,-73.97948148,140654,172859
251,40.73047309,-73.98672378,379640,396505
252,40.71739973,-73.98016555,136342,159954
253,40.7575699,-73.99098507,331352,369515
254,40.75934501,-73.96759673,75347,110275
255,40.7451677,-73.98683077,338913,390888
256,40.71146364,-74.00552427,130146,157908
257,40.74096374,-73.98602213,352326,359534
258,40.7381765,-73.97738662,261496,295749
259,40.72456089,-73.99565293,225777,291798
260,40.72368361,-73.97574813,94385,106323
261,40.735238,-74.000271,304134,353640
262,40.70255088,-73.98940236,190855,239975
263,40.711066,-74.009447,204037,248371
264,40.751483,-73.996764,804,1197
265,40.75510267,-73.97498696,429429,466394
266,40.697787,-73.973736,60471,80381
267,40.68691865,-73.976682,110787,134935
268,40.71286844,-73.95698119,111058,146426
269,40.69580705,-73.97355569,53546,62173
270,40.72903917,-73.99404649,282555,335694
271,40.744219,-73.97121214,324508,378678
272,40.736502,-73.97809472,357981,411064
273,40.76915505,-73.98191841,574042,583992
274,40.75968085,-73.97031366,110090,110364
275,40.768254,-73.988639,214372,245344
276,40.749156,-73.9916,487724,550027
277,40.7153379,-74.01658354,464561,523944
278,40.69608941,-73.97803415,25001,33037
279,40.75797322,-73.96603308,191554,215647
280,40.68676793,-73.95928168,64730,78965
281,40.70905623,-74.01043382,263365,261248
282,40.75992262,-73.97648516,269989,287487
283,40.74444921,-73.98303529,302198,339755
284,40.752062307,-73.9816324043,153909,185523
285,40.700469,-73.991454,46995,41132
286,40.69794,-73.96986848,59188,75747
287,40.761628,-73.972924,69288,74402
288,40.71173107,-73.99193043,127164,158752
289,40.72165481,-74.00234737,166489,174556
290,40.646768,-74.01651,1718,1844
291,40.75666,-73.976684,15552,14925
292,40.73726186,-73.99238967,391807,458047
293,40.74765947,-73.98490707,306813,355962
294,40.76340613,-73.97722479,122203,127883
295,40.72228087,-73.97668709,168049,213066
296,40.75929124,-73.98859651,309505,351176
297,40.694546087246025,-73.95801365375519,24865,34497
298,40.69597683,-73.99014892,67404,82364
299,40.69573398,-73.97129668,45975,53941
300,40.70530954,-74.00612572,167112,176268
301,40.69331716,-73.95381995,48216,62405
302,40.71269042,-73.98776323,140561,157497
303,40.75097711,-73.98765428,220007,241348
304,40.7047177,-74.00926027,178066,223039
305,40.70717936,-74.00887308,166782,198074
306,40.72082834,-73.97793172,148210,183186
307,40.71782143,-73.97628939,119557,140877
308,40.716887,-73.963198,213736,279908
309,40.74317449,-74.00366443,232434,284126
310,40.696192,-73.991218,64061,62529
311,40.68216564,-73.95399026,45575,55814
312,40.69221589,-73.9842844,101082,122785
313,40.707873,-74.00167,177789,183594
314,40.6845683,-73.95881081,48732,50290
315,40.69839895,-73.98068914,59846,78754
316,40.69327018,-73.97703874,51300,58085
317,40.70531194,-73.97100056,8061,10203
318,40.699773,-73.979927,13001,15089
319,40.75255434,-73.97282625,219516,244347
320,40.75527307,-73.98316936,202876,201910
321,40.72580614,-73.97422494,76795,70905
322,40.75500254,-73.98014437,268187,321077
323,40.7546011026,-73.971878855,187574,218362
324,40.71759081805981,-73.99622440338135,15361,15071
325,40.722852,-73.959114,540,373
326,40.68312489,-73.97895137,140293,150378
327,40.70853074,-73.96408963,37323,42435
328,40.75320159,-73.9779874,131691,122385
329,40.68864636,-73.98263429,5816,5876
330,40.69028437,-73.98707105,10924,12183
331,40.71926081,-73.98178024,65134,76394
332,40.72185379,-74.00771779,79840,93097
333,40.71273266,-74.0046073,441527,490902
334,40.755467,-73.986536,2,2
335,40.748158,-73.978462,274,266
336,40.6906495,-73.95643107,33460,32033
337,40.73028666,-73.9907647,279981,278215
338,40.76064679,-73.98442659,93369,89374
339,40.75044999,-73.99481051,155313,133586
340,40.75188406,-73.97770164,56693,45422
341,40.7218158,-73.99720307,148083,147968
342,40.74147286,-73.98320928,67294,67568
343,40.72043411,-74.01020609,106446,110997
344,40.71743998,-74.00583475,14098,13893
345,40.73416059,-73.98024289,41471,41579
346,40.71336124,-74.00937622,33555,34148
347,40.748238,-73.978311,56789,56976
348,40.69246277,-73.98963911,28358,27947
349,40.70251526,-74.01427023,16331,17660
350,40.68317813,-73.9659641,13872,14341
351,40.69788349,-73.97350332,11841,12485
352,40.74315566,-73.97434726,31939,31507
353,40.75149263,-73.97798848,31985,22005
354,40.68528172,-73.97805813,32481,33858
355,40.69986937,-73.98271933,3692,3908
356,40.71729,-73.996375,94390,94116
357,40.72873888,-74.00748842,84753,87020
358,40.69424674,-73.99215922,6299,5867
359,40.69178232,-73.97372989,11020,8890
360,40.687979,-73.978474,13072,11868
361,40.75849116,-73.95920622,32133,32165
362,40.70827295,-73.96834101,19073,19221
363,40.75795248,-73.97787642,22281,22631
364,40.69892054,-73.97332996,1426,1540
365,40.694528,-73.958089,14894,15263
366,40.75022392,-73.97121414,104358,114585
367,40.752416,-73.97837,56308,45666
368,40.752141,-73.979782,18684,14123
369,40.73901691,-74.00263761,13192,13482
370,40.68034242,-73.95576894,998,1036
371,40.75206231,-73.9816324,9466,8360
372,40.74971775,-74.00295035,6638,6609
373,40.68098339,-73.95004798,928,906
374,40.7546011,-73.97187886,4643,4709
375,40.75096735,-73.99444208,13650,10314
376,40.69475701,-73.99052739,478,384
377,40.73381219,-73.98054421,2974,3102
378,40.69878,-73.99712,36326,36158
379,40.771051856415305,-73.9643383026123,1039,992
380,40.692609,-74.016398,2380,2411
381,40.74161,-73.96044,17613,18417
382,40.686931,-74.016966,43725,43747
383,40.74708586,-73.94977234,58142,73390
384,40.75325964,-73.94335788,30514,41735
385,40.74718234,-73.9432635,72104,92654
386,40.74524768,-73.94733276,30773,46969
387,40.74731,-73.95451,88169,116689
388,40.73564,-73.95866,69049,99764
389,40.75110165,-73.94073717,139147,182799
390,40.73026,-73.95394,92820,116335
391,40.72557,-73.94434,91547,112945
392,40.74232744,-73.95411749,121175,147965
393,40.72906,-73.95779,147780,192035
394,40.74966,-73.9521,21591,28407
395,40.73232194,-73.9550858,79432,105396
396,40.72606,-73.95621,69551,85433
397,40.72708584,-73.95299117,97553,123025
398,40.7258483,-73.95064893,15761,15503
399,40.73555,-73.95284,77217,102215
400,40.72311651,-73.95212324,134009,171412
401,40.72179134,-73.9504154,61478,80685
402,40.71928,-73.94861,7600,7251
403,40.72153267,-73.95782357,28040,28323
404,40.72079821,-73.95484712,86451,116601
405,40.74469738,-73.93540375,22463,29413
406,40.7190095,-73.95852515,129534,172862
407,40.71413311,-73.95234386,85402,109442
408,40.72057658,-73.96150225,13840,15145
409,40.71929301,-73.94500379,32287,39445
410,40.71774592,-73.95600096,95789,98370
411,40.7160751,-73.952029,41269,55531
412,40.7169811,-73.94485918,48327,62052
413,40.71348658,-73.94792458,8694,8548
414,40.72325,-73.94308,74617,94263
415,40.71921585,-73.9424469,5025,4873
416,40.711863,-73.944024,60977,85562
417,40.71764,-73.94882,17974,17376
418,40.71247661,-73.94100005,51589,62182
419,40.70691254,-73.95441667,15378,14911
420,40.70708701,-73.95796783,17679,22113
421,40.71103537,-73.94714303,10083,10218
422,40.70877084,-73.95095259,76409,103332
423,40.70411791,-73.94818595,24451,30857
424,40.70538077,-73.94976519,36442,50601
425,40.70767788,-73.94016171,66175,87672
426,40.70870368,-73.9448625,61168,86221
427,40.70510918,-73.94407279,29012,39500
428,40.70029511,-73.95032283,24848,33803
429,40.70583339,-73.94644578,28655,38899
430,40.7016657,-73.9437303,41721,56212
431,40.69425403,-73.94626915,31509,45450
432,40.7031724,-73.940636,34914,44684
433,40.69957608,-73.94708417,28362,37170
434,40.69539817,-73.94954908,34803,46003
435,40.69527008,-73.95238108,23408,33115
436,40.69681963,-73.93756926,58444,67608
437,40.69622937,-73.94371094,18654,25950
438,40.698617,-73.941342,22470,31316
439,40.715143,-73.944507,104962,134456
440,40.71745169,-73.95850939,199527,253900
441,40.73165141,-73.96161892,5273,5556
442,40.724055,-73.955736,35342,50243
443,40.6933982,-73.939877,21988,30759
444,40.6883337,-73.950916,35865,50261
445,40.6900815,-73.947915,29080,41835
446,40.69128258,-73.9452416,39719,54425
447,40.69072549,-73.95133465,34597,46880
448,40.6894932,-73.942061,32319,46465
449,40.6851532,-73.94111,34325,45820
450,40.68402,-73.94977,25330,32624
451,40.686312,-73.935775,45556,62392
452,40.685159599891776,-73.97711366415024,22008,23026
453,40.75899655960512,-73.96865397691727,121580,122068
454,40.69237074,-73.93705428,32361,43910
455,40.75052534,-73.94594845,16687,21231
456,40.682601,-73.938037,27857,40087
457,40.6823687,-73.944118,39130,54470
458,40.67890679,-73.94142771,34494,50275
459,40.6800105,-73.938475,15505,22259
460,40.6814598,-73.934903,24160,35780
461,40.6794268,-73.9298911,40780,56808
462,40.68488,-73.96304,39949,55060
463,40.76735637,-73.96493528,60,56
464,40.77163851,-73.98261428,224195,282881
465,40.73997354103409,-74.00513872504234,136120,142524
466,40.76734259143217,-73.9648586511612,2618,2285
467,40.7734066,-73.97782542,248112,286249
468,40.77575319,-73.97603963,4904,5170
469,40.7612274,-73.96094022,233946,293946
470,40.77452835,-73.98753759,57162,55625
471,40.76350532,-73.97109243,133711,151102
472,40.76312584,-73.96526895,121334,148315
473,40.76500525,-73.95818491,365034,472536
474,40.77492513,-73.98266566,194028,227338
475,40.77748046,-73.98288594,167128,213741
476,40.77122923,-73.96432627,3974,3560
477,40.7785669,-73.97754961,100750,116260
478,40.76663814,-73.95348296,191239,243630
479,40.77896784,-73.97374737,169354,195128
480,40.78414472,-73.98362492,95058,113418
481,40.77112927,-73.95772297,95590,117794
482,40.743,-73.93561,23604,31388
483,40.77140426,-73.9535166,234158,304323
484,40.77517793,-73.95324922,3107,2844
485,40.78499979,-73.97283406,146184,169041
486,40.78720869,-73.98128127,109186,136605
487,40.77801203,-73.95407149,176900,230922
488,40.7867947,-73.977112,137712,149856
489,40.77536905,-73.94803392,90923,111976
490,40.77573034,-73.9567526,90009,109647
491,40.77677702,-73.9590097,42222,52663
492,40.76650452,-73.97147595,14081,13138
493,40.77862688,-73.95772073,110802,133330
494,40.77565541,-73.95068615,118084,157059
495,40.7770575,-73.97898475,301645,313527
496,40.78057799010334,-73.98562431335449,150128,189794
497,40.71167351,-73.95141312,85066,115182
498,40.71469,-73.95739,71488,97175
499,40.70934,-73.95608,59153,82339
500,40.76780080148132,-73.96592080593109,69208,80475
501,40.751283596962296,-73.99692445993422,76665,44889
502,40.77966809007312,-73.98093044757842,265419,325017
503,40.78275,-73.97137,119710,130923
504,40.77282817,-73.96685276,264451,333148
505,40.68962188790333,-73.98304268717766,100054,135122
506,40.77579376683666,-73.9762057363987,278065,320658
507,40.74436328706688,-73.9558732509613,29967,38873
508,40.68061768455451,-73.94624948501587,916,829
509,40.78472675,-73.96961715,191416,185668
510,40.7801839724239,-73.97728532552719,145010,151893
511,40.77682863439968,-73.96388769149779,55259,53214
512,40.77518615,-73.94446054,54764,70910
513,40.73266,-73.95826,82858,109821
514,40.78339981,-73.98093133,86512,81489
515,40.777507027547976,-73.98888587951659,159522,209199
516,40.75724567911726,-73.97805914282799,248681,287713
517,40.76440023,-73.96648977,84646,84863
518,40.78524672,-73.97667321,152451,189378
519,40.752165280621966,-73.97992193698882,167518,196576
520,40.75159368451112,-73.98043155670166,6945,6908
521,40.72152240339303,-73.94898265600203,4586,4282
522,40.75383343437622,-73.94267678260802,3752,3851
523,40.77118287540658,-73.96409422159195,94279,115269
524,40.75898481399634,-73.99379968643188,214536,219691
525,40.717318403855785,-73.94820213317871,2811,2600
526,40.71924,-73.95242,101550,134800
527,40.77314236,-73.95856158,59741,86419
528,40.7728384,-73.94989233,103044,129286
529,40.70925562,-73.95982218,14245,13575
530,40.774405455003,-73.96175265312193,6728,6094
531,40.76817546742245,-73.95910263061523,18652,18547
532,40.77391390238118,-73.9543953537941,32408,31867
533,40.686203,-73.944694,39806,56651
534,40.69102925677968,-73.99183362722397,79335,97657
535,40.75892386377695,-73.96226227283478,87666,103768
536,40.73143724085228,-73.99490341544151,222346,278430
537,40.72072553412595,-73.96125912666321,409,407
538,40.724812564400175,-73.94752621650696,64377,82736
539,40.694281141397326,-73.99230033159256,32301,39645
540,40.72036775298455,-73.96165072917938,211872,288164
541,40.6803560840434,-73.9476791024208,31518,42889
542,40.76712840349542,-73.96224617958069,63510,82970
543,40.67280641227746,-73.96886587142944,154,146
544,40.67534953067412,-74.01002034544945,20,29
545,40.7505853470215,-73.9946848154068,407985,490854
546,40.69231660719192,-74.01486575603485,44784,57738
547,40.76873687,-73.96119945,56071,72422
548,40.7277140777778,-74.01129573583603,284614,364438
549,40.77376867022874,-73.97116988897324,247,254
550,40.72706363348306,-73.99662137031554,228055,275916
551,40.74937024193277,-73.99923384189606,168158,169117
552,40.729193,-73.976655,323,1331
553,40.72923649910006,-73.99086803197861,113138,114639
554,40.64667789889786,-74.01630342006683,220,220
555,40.76421007169064,-73.96910458803177,10364,10347
556,40.7245634290432,-73.9894437789917,19468,19718
557,40.71690978045965,-73.98383796215057,48,495
558,40.68486874759393,-74.02544975280762,8,8
559,40.646678,-74.016263,18,18
560,40.75018156325683,-74.00218427181244,148368,149720
561,40.70861098096821,-73.92850399017334,7,6
562,40.78307,-73.95939,216587,219409
563,40.78839,-73.9747,87485,110208
564,40.781410700190015,-73.95595908164978,53609,77531
565,40.790261,-73.977131,2828,2840
566,40.778301,-73.9488134,92435,123052
567,40.7933718,-73.97685115,2407,2395
568,40.7806284,-73.9521667,79306,105761
569,40.7857851,-73.957481,80086,119284
570,40.7835016,-73.955327,60636,78103
571,40.7817212,-73.94594,71379,97322
572,40.79127,-73.964839,144106,127511
573,40.7779453,-73.946041,64174,96490
574,40.7919557,-73.968087,135214,174173
575,40.7941654,-73.974124,76939,98868
576,40.7937704,-73.971888,112460,142712
577,40.787801,-73.953559,85393,113635
578,40.7849032,-73.950503,29826,42300
579,40.7892105,-73.94370784,49023,66272
580,40.78112229934166,-73.94965589046478,107862,121653
581,40.793393,-73.9635556,22456,21370
582,40.7869946,-73.94164802,81574,105916
583,40.795346,-73.96186,45117,41293
584,40.79017948095081,-73.97288918495178,64057,80813
585,40.7859201,-73.94860294,26352,36601
586,40.7877214,-73.94728331,20503,29453
587,40.7973721,-73.97041192,105745,138300
588,40.7989937,-73.9662173778,17412,15606
589,40.7969347,-73.9643412291,22305,28021
590,40.78948541553215,-73.95242929458618,55529,74425
591,40.7904828,-73.95033068,35742,47868
592,40.8008363,-73.9664492472,60998,80260
593,40.7981856,-73.9605909006,96279,124124
594,40.7922553,-73.95249933,97316,129489
595,40.7997568,-73.9621128676,41324,56026
596,40.7892529,-73.93956237,31400,45926
597,40.7898175,-73.94296109,1,2
598,40.79329668,-73.9432083,36468,47858
599,40.7961535,-73.94782145,70924,96086
600,40.7934337,-73.94945003,33750,48638
601,40.7903051,-73.94755757,47849,61248
602,40.8013434,-73.9711457439,74818,100449
603,40.8021174,-73.9681805305,58401,73460
604,40.6881529,-73.99520919,63815,70783
605,40.6849668,-73.98620772,49119,63735
606,40.6827549,-73.98258555,29081,29387
607,40.6795766,-73.97854971,59705,78777
608,40.6776147,-73.97324283,60276,89117
609,40.6793307,-73.97519523,41382,55907
610,40.6792788,-73.98154004,45452,64195
611,40.6802133,-73.98432695,51262,69600
612,40.6849894,-73.99440329,37815,47644
613,40.6859296,-74.00242364,47551,59430
614,40.68763155,-74.0016256,43271,54169
615,40.6831164,-73.99785267,46639,61955
616,40.6772744,-73.98282002,58738,78711
617,40.804213,-73.96699104,104981,129869
618,40.6830456,-74.00348559,40344,53583
619,40.6794327,-74.00785041,12207,16588
620,40.6812117,-74.00860912,17133,24154
621,40.6763744,-74.00324957,6890,10200
622,40.6847514,-73.99917254,64211,78730
623,40.6705135,-73.98876585,39967,55616
624,40.6750705,-73.98775226,53338,68181
625,40.6724811,-73.99331394,10259,10631
626,40.6746957,-73.99785768,46771,59706
627,40.6783563,-74.00014502,42394,54112
628,40.6765304,-73.97846879,38885,51690
629,40.6728155,-73.98352355,71404,95991
630,40.6861758,-73.99645295,52415,66427
631,40.6704836,-73.98208968,26294,35284
632,40.668127,-73.98377641,47765,66207
633,40.663779,-73.98396846,46224,56114
634,40.6662078,-73.98199886,42483,59628
635,40.6686627,-73.97988067,37231,51138
636,40.6704922,-73.98541675,33667,46133
637,40.6902375,-73.99203074,103418,133915
638,40.6663181,-73.9854617,30418,41898
639,40.668603,-73.9904394,19606,28956
640,40.6747055,-74.0075572,5714,9966
641,40.6686273,-73.98700053,28611,39931
642,40.6725058,-74.00494695,9827,13058
643,40.72430527250332,-73.99600982666016,184680,186460
644,40.6751622,-73.9814832,54585,72876
645,40.6685455,-73.99333264,24565,31430
646,40.6828003,-73.99990419,36951,47633
647,40.686371,-73.99383324,50228,62512
648,40.6843549,-73.98901629,14226,18578
649,40.6829151,-73.99318208,46648,62025
650,40.67434,-74.00194698,11039,15118
651,40.6864442,-73.98759104,40215,56035
652,40.66514681533792,-73.97637605667114,56824,77709
653,40.6740886,-73.9787282,51051,67574
654,40.680611,-73.99475825,71830,94407
655,40.6763947,-73.99869893,35731,48407
656,40.6809591,-73.99905709,36743,45588
657,40.6753274,-74.0100698,10286,13947
658,40.6769993,-74.00647134,9028,13436
659,40.6747844,-74.01612847,8246,8649
660,40.6777748,-74.0094613,11955,16743
661,40.799484,-73.955613,182495,242892
662,40.7921,-73.9739,77867,98990
663,40.6777287,-73.99364123,25641,33326
664,40.6773429,-74.01275056,31135,43634
665,40.666287,-73.98895053,48680,62621
666,40.740983,-74.001702,78353,137016
667,40.6786115,-73.99037292,43997,56833
668,40.6787242,-73.99599099,42539,54701
669,40.6703837,-73.97839676,55846,77137
670,40.6750207,-73.97111473,87496,96601
671,40.679043,-74.011169,30137,41873
672,40.68506807308177,-73.97790759801863,160841,205590
673,40.6610633719006,-73.97945255041122,137016,180701
674,40.76800889305947,-73.96845281124115,45669,60362
675,40.7691572,-73.96703464,43900,56805
676,40.668132,-73.97363831,83849,104611
677,40.71907891179564,-73.94223690032959,47667,57375
678,40.7882213,-73.97041561,112002,124156
679,40.773763,-73.96222088,71619,97792
680,40.7727966,-73.95577801,58248,79039
681,40.7746671,-73.98470567,70362,93977
682,40.6853761,-73.98302136,42638,57431
683,40.7862586,-73.94552579,34129,48875
684,40.791976,-73.945993,30670,45680
685,40.6729679,-73.97087984,120653,144431
686,40.795,-73.9645,73673,104456
687,40.677236,-74.015665,25666,35131
688,40.746524,-73.977885,69131,69071
689,40.7829391,-73.9786517,114183,155912
690,40.6867443,-73.99063168,137244,171510
691,40.680944723477296,-73.97567331790923,59862,80464
692,40.7689738,-73.95482273,116648,161323
693,40.6711978,-73.97484126,43793,58316
694,40.662987,-73.976918,24,55
695,40.67260298150126,-73.98983001708984,24280,34592
696,40.7699426,-73.96060712,52924,69122
697,40.7781314,-73.96069399,84200,114673
698,40.76471851944339,-73.96222069859505,73751,99121
699,40.68199044270703,-73.99079024791718,29586,40669
700,40.718822,-73.99596,300484,391522
701,40.721319,-74.010065,42867,69470
702,40.79025417330419,-73.97718340158461,37889,36292
703,40.675146838709786,-73.97523209452629,70514,96086
704,40.67909799721684,-73.98765474557877,37927,50893
705,40.772248537721744,-73.95842134952545,23978,23960
706,40.69241829257847,-73.98949474096298,107983,139480
707,40.674613422475815,-73.98501142859459,12345,13208
708,40.64653836709648,-74.01658773422241,309,309
709,40.759030082196055,-73.99385869503021,121,142
710,40.76132983124814,-73.97982001304626,195164,237060
711,40.766368,-73.971518,92259,123644
712,40.67267243410948,-74.0087952464819,14449,22153
713,40.76703432309872,-73.95622730255127,25366,25495
714,40.79181171501097,-73.9786022901535,5056,5053
715,40.7839636,-73.9471673,100050,138124
716,40.7512836,-73.9969245,1670,397
717,40.67363551341504,-74.01195555925369,11244,17753
718,40.71915571696044,-73.94885390996933,39121,58015
719,40.71335226222875,-73.9491033554077,54894,76794
720,40.7103685423523,-73.94705951213837,41592,60540
721,40.68680820503432,-73.98036181926727,9875,10155
722,40.72146256229816,-73.94800901412964,16372,16331
723,40.752957,-74.00264,12541,12647
724,40.71638031973561,-73.94821286201477,16816,24595
725,40.70924826276157,-73.96063148975372,70409,88859
726,40.75763227739443,-73.96930575370789,97266,98238
727,40.77632142182271,-73.96427392959595,146768,185860
728,40.735367055605394,-73.98797392845154,134409,169426
729,40.75118387463277,-73.97138714790344,44536,71289
730,40.65594917783975,-74.00835871696472,403,438
731,40.76302594280519,-73.97209525108337,67537,94211
732,40.66979964220026,-73.99497985839844,31,62
733,40.75227093837409,-73.98770570755005,8237,8703
734,40.66906013501107,-73.99463653564453,1498,4222
735,40.76309387270797,-73.9783501625061,82763,83324
736,40.71485150526252,-74.01122331619263,137771,187326
737,40.75668720603179,-73.98257732391357,52295,52370
738,40.7303801,-73.9747502,508,859
739,40.73181401720966,-73.95995020866394,38951,41001
740,40.88092055523877,-73.89660179615021,14,13
741,40.77246067789397,-73.94682079553604,5289,5317
742,40.66980193089616,-73.99490475654602,9,7
743,40.74275382865903,-74.00747358798981,132562,171425
744,40.7252556952547,-74.00412082672119,58525,59744
745,40.72576996727214,-73.9507395029068,4418,4445
746,40.65708866668485,-74.00870203971863,25629,33748
747,40.65539977447831,-74.01062786579132,13250,16828
748,40.79313480986663,-73.97700369358063,55823,77028
749,40.782454175279874,-73.9489196240902,42350,64046
750,40.68512559515415,-74.02535319328308,24039,31708
751,40.725208,-73.974724,45,79
752,40.71644423134479,-73.9823305606842,15,1518
753,40.72494672359416,-74.00165855884552,133786,184960
754,40.71069994631387,-74.00354146957397,18083,18262
755,40.688417427540834,-73.98451656103134,72906,106061
756,40.7923272,-73.9383,43796,65466
757,40.801694,-73.957145,68460,109645
758,40.797911,-73.9423,28049,42262
759,40.7945663,-73.9362541,21737,36958
760,40.7949879,-73.9333349,57719,80227
761,40.796879,-73.937261,19230,29639
762,40.728048571362606,-73.97881150245667,46345,48864
763,40.795508,-73.941606,17980,27192
764,40.7954121,-73.9441232,32574,49826
765,40.7989445,-73.944846,19125,29156
766,40.805973,-73.964928,44667,60670
767,40.802535,-73.9532423,21198,34161
768,40.8011939,-73.9500739,34174,51451
769,40.8082,-73.9641,43385,53947
770,40.8086249,-73.9596214,29176,30120
771,40.8014866,-73.9442507,21962,33545
772,40.8013066,-73.9398167,16534,25975
773,40.799139,-73.9389152,27963,40918
774,40.80295,-73.942954,18491,30036
775,40.804038,-73.945925,33258,47199
776,40.8005385,-73.9419949,12528,18807
777,40.81,-73.9551508,26988,42367
778,40.809725,-73.953149,53863,86318
779,40.8120562,-73.9612547,21333,30493
780,40.8078316,-73.949373,30411,46058
781,40.808442,-73.9452087,58412,91526
782,40.8029263,-73.9379,19347,27049
783,40.8006721,-73.9349,17288,26502
784,40.8114323,-73.9518776,46374,77423
785,40.8107922,-73.9430681,43604,57423
786,40.8143256,-73.9590255,42958,54585
787,40.8125511,-73.9492286,22750,32510
788,40.75462324029105,-73.99516761302948,42276,78008
789,40.7531106,-73.9279917,14985,18423
790,40.802692,-73.96295,52149,72742
791,40.7552433,-73.9485678,18450,26040
792,40.7601853,-73.9362726,8121,12513
793,40.754876,-73.934326,9873,9731
794,40.757186,-73.932719,15332,21837
795,40.7527085,-73.9397405,13236,13217
796,40.7614376,-73.9411265,17906,24690
797,40.7627442,-73.9391141,4521,4290
798,40.7569332,-73.9262231,18368,25044
799,40.7580583,-73.9242751,15698,22256
800,40.756913,-73.921631,38835,50981
801,40.7596276,-73.9321455,12752,19885
802,40.7557327,-73.9236611,20280,27759
803,40.7671863,-73.9373554,23377,33643
804,40.813358,-73.956461,26462,39890
805,40.7628138,-73.9342862,11455,16342
806,40.7638753,-73.9364848,7493,10793
807,40.8045555,-73.9396861,74029,103573
808,40.761584,-73.925921,46624,65124
809,40.7668,-73.9347774,15465,21642
810,40.68323865460341,-73.96599590778351,52315,74897
811,40.7659,-73.930819,22219,31221
812,40.7633589,-73.9286471,30311,47153
813,40.7692475,-73.9354504,20075,28931
814,40.770845,-73.934171,23844,33048
815,40.763154,-73.920827,32945,47727
816,40.7647,-73.9240312,22025,32554
817,40.7658346,-73.9265474,20800,33011
818,40.7595701,-73.9142678,17842,21857
819,40.72951496224949,-73.99075269699097,221264,281565
820,40.71925170740989,-74.03423398733139,34,11
821,40.707731483954696,-73.93452286720276,11,23
822,40.7703743,-73.9286078,11994,17641
823,40.768692,-73.9249574,21269,38073
824,40.7577284,-73.9166368,28405,35132
825,40.7656251,-73.9136695,28448,38822
826,40.760339,-73.9222427,21058,31118
827,40.7739825,-73.9309134,11979,17890
828,40.7682,-73.9322662,12169,18050
829,40.7767,-73.927631,31001,44811
830,40.774645,-73.923706,17231,28001
831,40.7713615,-73.9246145,22354,33605
832,40.7987859,-73.9523,96238,133054
833,40.7699176,-73.9184057,26227,37846
834,40.7701477,-73.9120938,12800,16985
835,40.7774552,-73.9225403,21514,30386
836,40.7747175,-73.9337894,2403,2588
837,40.776165,-73.9153175,10323,15716
838,40.7713937,-73.9077436,18867,23105
839,40.74286877312112,-73.98918628692627,257757,355447
840,40.7729,-73.916142,14662,21542
841,40.75742,-73.945133,10495,16144
842,40.7747878,-73.9125551,48930,63886
843,40.7787185,-73.9145645,15258,20187
844,40.78145,-73.9183302,27278,35051
845,40.78728519860952,-73.95012259483337,732,731
846,40.80698,-73.941747,22278,25983
847,40.6791944,-73.9587903,11630,18507
848,40.6809741,-73.9710097,39417,61043
849,40.6777747,-73.9529322,671,638
850,40.6804836,-73.9646795,30492,45944
851,40.6794388,-73.9680438,50590,78150
852,40.6765198,-73.9596082,38583,55104
853,40.6767,-73.969024,50539,52729
854,40.672695,-73.954131,30533,47941
855,40.678045,-73.962408,34514,49730
856,40.751047,-73.93797,33335,46249
857,40.774591,-73.918544,14796,20883
858,40.6740123,-73.9671457,40689,54425
859,40.6737236,-73.9631611,35295,49350
860,40.6769694,-73.96579,27239,39930
861,40.7671,-73.9169858,23004,30712
862,40.6721683,-73.9609,14598,21930
863,40.6758324,-73.9561677,30280,46261
864,40.6707767,-73.9576801,50178,68781
865,40.6679411,-73.9588,8950,15060
866,40.6661649,-73.9593484,269,282
867,40.66314,-73.9605695,47379,48808
868,40.67581622522832,-74.01488184928894,2954,3329
869,40.6642406,-73.9574686,7048,11333
870,40.7711528,-73.9170074,15057,22260
871,40.75272201381188,-73.98123621940613,12077,11674
872,40.6627059,-73.9569115,15564,25795
873,40.745038,-73.957539,32391,43651
874,40.7576314,-73.9391224,5351,7885
875,40.6741806,-73.9564947,24343,38007
876,40.6691783,-73.9554162,13715,23101
877,40.804372,-73.951475,24291,39747
878,40.7485,-73.941275,27533,44358
879,40.748,-73.9460927,32702,45582
880,40.74252,-73.948852,14180,20477
881,40.6716493,-73.9631145,32848,44941
882,40.7519071,-73.9479119,8197,13283
883,40.8067581,-73.9607082,41737,51000
884,40.805159,-73.954692,74268,113198
885,40.7974772,-73.9311847,18818,30909
886,40.6630619,-73.9538746,22206,33954
887,40.80756,-73.939182,16979,25331
888,40.7525758,-73.9364281,2288,2217
889,40.79747,-73.93504,24331,38509
890,40.6686744,-73.9618148,11125,17528
891,40.8109494,-73.9634,29454,36622
892,40.7449067,-73.9534573,30042,43057
893,40.74128309355993,-73.93725872039794,8253,11370
894,40.76315481910373,-73.93985509872437,11604,15400
895,40.76108,-73.930562,17449,29030
896,40.676368,-73.952918,42251,65966
897,40.69795031569544,-73.97077560424805,48093,75301
898,40.81413,-73.953005,41,45
899,40.805726,-73.936322,12127,17747
900,40.814394437915816,-73.95324736833572,15562,21100
901,40.75186951421875,-73.93349289894103,13547,19737
902,40.75820464696758,-73.92832159996033,5703,5716
903,40.666563,-73.956741,3414,3503
904,40.81028506306003,-73.95736455917358,11520,17552
905,40.79406660818552,-73.96286845207214,63109,60525
906,40.7724607,-73.9468208,44947,64404
907,40.80949534777948,-73.94776493310928,30410,57661
908,40.72307749068673,-73.98583620786667,144137,203335
909,40.7435337324616,-74.00367558002472,65734,84495
910,40.74294891660091,-74.00413691997528,36654,37984
911,40.74102150900266,-74.001384973526,95901,96414
912,40.666439306870814,-73.9605563879013,7323,11831
913,40.761293897289086,-73.916916847229,13702,13615
914,40.67716489469059,-73.973827958107,14635,14561
915,40.72019521437465,-74.0103006362915,152625,218804
916,40.65659567482039,-74.00849282741547,12,13
917,40.7423737,-73.9566,12827,17513
918,40.78813,-73.95206,19644,30776
919,40.7239567849954,-73.94984364509583,47352,69758
920,40.67630357634183,-74.00314047932625,2000,2076
921,40.77477944895728,-73.95427465438843,60547,89339
922,40.66976709185003,-73.99474382400513,3,3
923,40.70140317257725,-73.98672670125961,91834,125028
924,40.8025566,-73.9490782,44641,71470
925,40.67759206937376,-73.955637216568,34975,56844
926,40.754120810779256,-73.98025184869766,91466,88884
927,40.7664255270288,-73.92062902450562,8168,8187
928,40.78459679884892,-73.94968539476395,14115,14191
929,40.6758329439129,-74.01472628116608,27579,41008
930,40.71015471094912,-73.98453533649443,91,78
931,40.73756121181137,-74.00398269295692,35700,36072
932,40.66065236872916,-73.9645904302597,72,71
933,40.73944820130404,-74.00507032871246,146113,184430
934,40.662907768316856,-73.99972200393677,3,2
935,40.74322681432173,-73.97449783980846,174727,263865
936,40.757920208794026,-73.96638214588165,13109,37453
937,40.79904139288298,-73.96649479866028,33674,49296
938,40.76408932350688,-73.91065120697021,13634,19061
939,40.6999974843885,-73.97440128028393,6643,7474
940,40.71334184275907,-74.00935515761375,49870,69948
941,40.72248188638219,-73.95921930670738,28859,46177
942,40.72686951528207,-73.98919031023979,9385,9518
943,40.77515953434235,-73.98918695747852,82512,120501
944,40.76360467795863,-73.98917958140373,82383,117491
945,40.77940608529787,-73.95333588123322,1520,1523
946,40.70831794366396,-74.00504082441329,25632,26066
947,40.72840059450829,-73.99968780577183,9010,54556
948,40.7437524099784,-73.94176483154297,3842,5447
949,40.8038654,-73.9559308,38187,63086
950,40.738046142482766,-73.99642959237099,84895,148501
951,40.72966729392978,-73.98067966103554,187506,274105
952,40.754691750226016,-73.99740189313889,64770,91138
953,40.70684203101325,-73.9544353965357,20360,29221
954,40.71816969454208,-73.95520135760307,59719,97574
955,40.7535992020056,-73.93795609474182,6846,12666
956,40.77149671054441,-73.99046033620834,100284,146204
957,40.72746420692392,-73.97950418293476,86622,128792
958,40.68322254161595,-73.9738118648529,248,281
959,40.7675487799971,-73.9209334552288,35039,54598
960,40.68461653897949,-73.98721285164356,3800,4121
961,40.69531727766904,-73.99015724658966,24550,24751
962,40.7667405590595,-73.9790689945221,106513,191064
963,40.7687620293096,-73.95840793848038,78079,132953
964,40.74336608027021,-73.95960688591003,29918,47645
965,40.69535693320225,-73.99344027042389,20248,32270
966,40.71784798417728,-73.94752018153667,10,10
967,40.71766197083994,-73.94880026578903,14673,24537
968,40.730563,-73.973984,56159,74069
969,40.720747,-73.986274,64746,120453
970,40.75651272984955,-73.92957486212252,17679,28800
971,40.741459,-73.983293,117453,163744
972,40.735445,-73.99431,86710,141551
973,40.77755374298887,-73.95512759685516,23983,24020
974,40.724308321602166,-74.00473035871983,92830,112825
975,40.759125,-73.962658,48779,75730
976,40.7475739589548,-73.9788007736206,58210,101232
977,40.704508,-73.9351,11793,20787
978,40.710681,-73.93372,6482,13345
979,40.702997,-73.92997,10047,17354
980,40.705614,-73.92153,10514,19235
981,40.697842,-73.926241,10912,18713
982,40.70538,-73.92535,11183,21240
983,40.69064807082943,-73.95746178925037,21908,37374
984,40.707165,-73.923711,13563,24950
985,40.706237,-73.933871,14471,28899
986,40.700003,-73.92834,10722,19653
987,40.71323,-73.93894,8663,17562
988,40.677027,-73.9865,9705,17384
989,40.713811,-73.93515,7814,15136
990,40.707174,-73.93581,3277,6271
991,40.702013,-73.923769,18549,32312
992,40.715353,-73.93856,16124,27915
993,40.705517,-73.93936,6399,12938
994,40.68841,-73.979458,10467,11074
995,40.698568,-73.918877,11176,18789
996,40.71019,-73.93734,7772,16768
997,40.709897,-73.94008,4878,9994
998,40.702831,-73.9333,8849,15567
999,40.7003,-73.991581,21840,35178
1000,40.69985,-73.97141,11805,24813
1001,40.70539,-73.92976,10820,20081
1002,40.704425,-73.92836,10419,20773
1003,40.699304,-73.923044,10538,21354
1004,40.73269,-73.98974,32290,32565
1005,40.7027,-73.92095,8967,17162
1006,40.698458,-73.997178,28911,49816
1007,40.704876,-73.919911,6083,10095
1008,40.70838,-74.00495,50287,75649
1009,40.671907,-73.993612,5598,12428
1010,40.732339777151054,-73.97898383438587,8459,12522
1011,40.68186,-73.959432,15181,30279
1012,40.74964,-73.98805,77200,147424
1013,40.752269,-73.982079,53440,65781
1014,40.665816,-73.956934,6999,16551
1015,40.702461,-73.986842,28538,49937
1016,40.789622,-73.97757,29735,54397
1017,40.763201,-73.978458,506,505
1018,40.782593,-73.971211,12419,10861
1019,40.763189,-73.978434,56840,113011
1020,40.776173,-73.959757,2016,1954
1021,40.77485,-73.9342,4246,7924
1022,40.734814,-73.992085,99081,196102
1023,40.69502,-73.92825,6097,11801
1024,40.70076,-73.93641,5505,12586
1025,40.70106,-73.93318,7219,15146
1026,40.70099,-73.93921,9453,21669
1027,40.73124,-73.95161,5349,10994
1028,40.716657,-73.93637,4126,9451
1029,40.69757,-73.93098,9418,24327
1030,40.72984,-73.94839,7826,18441
1031,40.71773,-73.94051,5552,12361
1032,40.70686,-73.92851,3627,7781
1033,40.73396,-73.95204,4536,8204
1034,40.71429,-73.93323,1270,3028
1035,40.72158,-73.94546,6292,14452
1036,40.70907,-73.92157,4809,12953
1037,40.70636,-73.91945,2496,5960
1038,40.69943,-73.91337,5277,8681
1039,40.69905,-73.91516,3114,5927
1040,40.69811,-73.90904,4524,8492
1041,40.71882,-73.93948,2961,6932
1042,40.69545,-73.91164,3864,8138
1043,40.69544,-73.93223,8816,19993
1044,40.70166,-73.92754,6857,16039
1045,40.703545,-73.917775,7994,21508
1046,40.70869,-73.92587,2269,6346
1047,40.70108,-73.9179,6845,15321
1048,40.70113,-73.91422,3533,7593
1049,40.755293,-73.967641,36691,75943
1050,40.69671,-73.92807,3208,8209
1051,40.71401,-73.92793,1482,4561
1052,40.697481,-73.935877,9639,22878
1053,40.69714,-73.91566,2159,5456
1054,40.72577,-73.94173,13336,32084
1055,40.69543,-73.9196,3249,8169
1056,40.69356,-73.92524,5967,15234
1057,40.69329,-73.92852,7872,18292
1058,40.698,-73.9127,4083,9324
1059,40.69676,-73.92302,4797,11135
1060,40.818299,-73.960405,36612,60913
1061,40.692,-73.92617,5167,10703
1062,40.69146,-73.92146,5064,11736
1063,40.69296,-73.91605,4191,10595
1064,40.69467,-73.90663,4209,9250
1065,40.68929,-73.90951,2508,6210
1066,40.69081,-73.90448,3235,7336
1067,40.68458,-73.90925,2335,5260
1068,40.68565,-73.91564,6919,15207
1069,40.69047,-73.923511,9793,23268
1070,40.68822,-73.91966,7974,18322
1071,40.6882,-73.90798,2686,5955
1072,40.68652,-73.91321,2891,6438
1073,40.693,-73.90824,3436,8073
1074,40.69122,-73.91693,2267,6843
1075,40.69385,-73.90974,3585,7884
1076,40.69055,-73.91181,4469,10005
1077,40.68858,-73.91227,2471,5453
1078,40.68906,-73.90506,3018,7218
1079,40.761573,-73.972628,18473,44771
1080,40.714211,-73.981095,46153,96182
1081,40.68281,-73.90623,1777,3937
1082,40.68319988172761,-73.91166642308235,6606,14821
1083,40.6786,-73.90369,4560,9736
1084,40.68139,-73.90756,2085,4477
1085,40.69517,-73.90311,4323,10410
1086,40.70577,-73.91292,2163,6014
1087,40.70157340873792,-73.90876293182373,1958,3270
1088,40.69812,-73.90271,1510,3016
1089,40.75473,-73.93367,7564,14826
1090,40.69922,-73.89795,4998,11079
1091,40.72084,-73.94844,6101,13937
1092,40.70461,-73.91054,3048,5665
1093,40.763954,-73.9646,21094,45843
1094,40.70068,-73.90742,2840,6054
1095,40.72226,-73.93889,5654,14855
1096,40.6988,-73.9007,996,2056
1097,40.70553,-73.9096,2119,4934
1098,40.70413,-73.90737,2412,5638
1099,40.70183,-73.90625,2827,6023
1100,40.67945,-73.90474,1177,2375
1101,40.7098,-73.91727,1911,5373
1102,40.68663,-73.9168,5742,12315
1103,40.70463,-74.01507,2156,2273
1104,40.70998,-73.91116,2540,6791
1105,40.71246,-73.91873,3223,7585
1106,40.6972,-73.90674,1833,4949
1107,40.68989,-73.91458,3735,8956
1108,40.72795,-73.95414,9251,19938
1109,40.70555,-73.90245,4108,8980
1110,40.70793,-73.91092,2374,5327
1111,40.70112,-73.93039,4488,10213
1112,40.735918,-74.000939,24180,56441
1113,40.758397,-73.98255,18256,47569
1114,40.725864,-73.986389,44883,50764
1115,40.70863,-73.91497,2046,5085
1116,40.70694,-73.90632,2009,5077
1117,40.68,-73.995,1,0
1118,40.698,-73.992,1,1
1119,40.752,-73.995,5,5
1120,40.755,-74.001,1,1
1121,40.77,-73.989,2,2
1122,40.75492,-73.98455,35356,95642
1123,40.734,-74.007,3,3
1124,40.743,-74.004,1,1
1125,40.737,-73.989,3,4
1126,40.731,-73.983,1,1
1127,40.734,-73.986,4,4
1128,40.722,-73.995,2,2
1129,40.726378,-74.000472,27197,60456
1130,40.764,-73.983,5,3
1131,40.752,-73.989,3,3
1132,40.767,-73.989,1,1
1133,40.752,-73.977,4,4
1134,40.743,-73.977,2,2
1135,40.749,-73.977,2,2
1136,40.69969,-73.9022,1938,4009
1137,40.709697,-73.907856,2598,6061
1138,40.737,-73.977,6,6
1139,40.734,-73.977,1,1
1140,40.716,-73.992,1,1
1141,40.71,-74.007,1,1
1142,40.74,-73.986,2,2
1143,40.755,-73.989,3,3
1144,40.761,-73.989,2,2
1145,40.764,-73.998,2,2
1146,40.749,-73.989,1,1
1147,40.70408,-73.90408,3205,7550
1148,40.758,-73.998,4,4
1149,40.761,-73.998,2,2
1150,40.716,-74.016,2,2
1151,40.713,-74.01,2,2
1152,40.746,-73.998,7,8
1153,40.746,-73.986,1,1
1154,40.749,-73.983,2,2
1155,40.758,-73.977,2,2
1156,40.728,-73.995,2,2
1157,40.737,-74.007,2,2
1158,40.731,-73.992,2,2
1159,40.731,-73.98,2,3
1160,40.722,-73.986,3,3
1161,40.719,-73.989,1,1
1162,40.761,-73.968,4,4
1163,40.767,-73.977,3,3
1164,40.8,-73.956,1,1
1165,40.764,-73.974,1,1
1166,40.791,-73.953,3,3
1167,40.797,-73.971,2,2
1168,40.683426,-73.984275,8825,18770
1169,40.803,-73.956,5,5
1170,40.776,-73.983,2,2
1171,40.782,-73.95,3,3
1172,40.761,-73.962,1,1
1173,40.728,-73.953,2,2
1174,40.716,-73.935,1,1
1175,40.704,-73.926,2,2
1176,40.695,-73.95,1,1
1177,40.692,-73.944,1,1
1178,40.692,-73.95,1,1
1179,40.692,-73.992,4,4
1180,40.749,-73.992,2,2
1181,40.755,-73.992,1,1
1182,40.764,-73.971,1,1
1183,40.743,-73.998,2,2
1184,40.74,-73.998,1,1
1185,40.791,-73.965,1,0
1186,40.7903,-73.9597,3,3
1187,40.791,-73.968,2,2
1188,40.8,-73.962,1,1
1189,40.761,-73.98,2,2
1190,40.782,-73.986,1,1
1191,40.732647,-73.99011,35816,88522
1192,40.788,-73.953,2,2
1193,40.809,-73.959,1,1
1194,40.746,-74.007,2,2
1195,40.714193,-73.996732,24157,57662
1196,40.719383,-73.991479,19122,44612
1197,40.755,-73.974,2,2
1198,40.743,-73.98,1,1
1199,40.749,-73.986,2,2
1200,40.761,-73.995,2,2
1201,40.743,-73.983,2,3
1202,40.737,-73.983,1,0
1203,40.737,-73.992,1,1
1204,40.734,-73.992,2,2
1205,40.692,-73.983,1,1
1206,40.701,-73.932,1,1
1207,40.719,-74.001,2,2
1208,40.71,-73.95,1,207
1209,40.716,-73.962,1,1
1210,40.716,-73.959,1,1
1211,40.731,-73.953,3,3
1212,40.727243,-73.976831,7734,30649
1213,40.743,-73.95,1,1
1214,40.743,-73.956,1,1
1215,40.746,-73.944,1,1
1216,40.746,-73.95,2,2
1217,40.746,-73.959,1,1
1218,40.69178,-73.97877,5558,12141
1219,40.708485,-74.002751,25377,48546
1220,40.719,-73.959,3,3
1221,40.722,-73.953,1,1
1222,40.746,-73.935,1,1
1223,40.72387,-73.975767,20746,24674
1224,40.725,-73.947,3,3
1225,40.725,-73.95,2,2
1226,40.722,-73.944,1,1
1227,40.719,-73.956,1,1
1228,40.72170005235607,-74.00238141417502,25030,65830
1229,40.699569,-73.979827,11180,26925
1230,40.743,-73.953,3,3
1231,40.737,-73.953,1,1
1232,40.716,-73.944,1,1
1233,40.725,-73.944,2,2
1234,40.783786,-73.981687,12414,26654
1235,40.698,-73.971,2,2
1236,40.692,-73.98,1,1
1237,40.698,-73.974,1,1
1238,40.689,-73.989,1,1
1239,40.686,-73.977,3,3
1240,40.677,-73.965,1,1
1241,40.68,-73.968,1,1
1242,40.689,-73.959,2,2
1243,40.695,-73.989,1,1
1244,40.731,-73.947,1,1
1245,40.722,-73.956,1,1
1246,40.71,-73.962,1,1
1247,40.713,-73.962,1,1
1248,40.707,-73.947,1,1
1249,40.713,-73.95,1,1
1250,40.7611488,-73.9170071,11582,24498
1251,40.686,-73.983,2,2
1252,40.689,-73.986,1,1
1253,40.704,-73.989,1,1
1254,40.695,-73.992,2,2
1255,40.689,-73.992,2,2
1256,40.698,-73.986,1,1
1257,40.701,-73.971,1,1
1258,40.674,-73.974,2,2
1259,40.677,-73.974,1,1
1260,40.674,-73.962,2,2
1261,40.665,-73.977,1,1
1262,40.695,-73.962,4,4
1263,40.752474,-73.939991,6835,16322
1264,40.719,-74.007,4,3
1265,40.692,-73.986,1,1
1266,40.677,-73.956,1,1
1267,40.671,-73.959,1,1
1268,40.662,-73.98,1,1
1269,40.734,-73.995,2,2
1270,40.731,-73.995,1,1
1271,40.746,-74.001,1,1
1272,40.761,-73.983,1,1
1273,40.773,-73.983,2,2
1274,40.773,-73.95,2,2
1275,40.779,-73.947,1,1
1276,40.779,-73.953,4,4
1277,40.77,-73.953,2,2
1278,40.743,-73.974,3,3
1279,40.761,-73.992,1,1
1280,40.779,-73.98,1,1
1281,40.74,-73.974,1,1
1282,40.749,-73.974,1,1
1283,40.74,-73.983,2,1
1284,40.77,-73.983,3,3
1285,40.779,-73.977,1,1
1286,40.767,-73.953,1,1
1287,40.755,-73.98,2,2
1288,40.758,-73.995,1,1
1289,40.767,-73.986,1,1
1290,40.755,-73.986,1,1
1291,40.761,-73.986,2,2
1292,40.776,-73.986,1,1
1293,40.773,-73.956,1,1
1294,40.794,-73.962,2,2
1295,40.794,-73.974,1,1
1296,40.752694,-74.002353,44433,123663
1297,40.8,-73.95,1,190
1298,40.776,-73.944,1,1
1299,40.749,-74.004,1,1
1300,40.806,-73.962,1,0
1301,40.767,-73.98,1,1
1302,40.77,-73.965,1,1
1303,40.725,-74.004,1,1
1304,40.719,-74.01,1,1
1305,40.716,-74.01,1,1
1306,40.713,-73.998,1,1
1307,40.713,-73.98,1,1
1308,40.71,-74.01,1,852
1309,40.731,-73.959,1,1
1310,40.737,-73.959,1,1
1311,40.728,-73.959,1,1
1312,40.71,-74.001,1,1
1313,40.716,-73.995,1,1
1314,40.704,-74.013,1,1
1315,40.713,-73.992,1,1
1316,40.734,-73.989,1,1
1317,40.752,-73.974,1,1
1318,40.761,-74.004,3,3
1319,40.719,-74.013,1,1
1320,40.752,-74.004,1,1
1321,40.767,-73.995,1,1
1322,40.728,-73.998,1,1
1323,40.767,-73.992,1,1
1324,40.701,-74.013,1,1
1325,40.728,-74.01,1,1
1326,40.722,-73.998,1,1
1327,40.674,-73.953,1,1
1328,40.668,-73.974,2,2
1329,40.68,-73.98,1,234
1330,40.668,-73.989,1,1
1331,40.689,-74.001,1,1
1332,40.707,-73.941,1,1
1333,40.70437,-74.00637,27917,45460
1334,40.707,-73.968,1,1
1335,40.677,-73.968,1,1
1336,40.686,-73.974,1,1
1337,40.722,-73.98,2,2
1338,40.716,-73.989,2,2
1339,40.719,-73.995,2,2
1340,40.722,-73.977,1,1
1341,40.722,-73.983,1,1
1342,40.74,-74.004,3,3
1343,40.779,-73.989,1,1
1344,40.806,-73.965,1,1
1345,40.767,-73.965,1,1
1346,40.767,-73.971,1,1
1347,40.782,-73.953,1,1
1348,40.779,-73.959,1,1
1349,40.776,-73.965,2,2
1350,40.785,-73.971,1,1
1351,40.764,-73.989,1,1
1352,40.743,-74.001,1,1
1353,40.707,-74.016,1,1
1354,40.8428422,-73.9421253,24423,26972
1355,40.743,-74.007,1,2
1356,40.815,-73.959,1,1
1357,40.758,-73.962,1,1
1358,40.782,-73.959,1,1
1359,40.773,-73.962,1,1
1360,40.752,-73.968,2,2
1361,40.773,-73.968,3,3
1362,40.711444,-74.014847,67049,162246
1363,40.809,-73.95,1,0
1364,40.771771,-73.990625,11156,11308
1365,40.794,-73.965,1,1
1366,40.797,-73.947,3,3
1367,40.785,-73.983,2,2
1368,40.752,-73.983,1,1
1369,40.764,-73.986,2,2
1370,40.758,-73.959,1,1
1371,40.734,-74.004,2,2
1372,40.728,-73.98,2,2
1373,40.805631,-73.934077,983,2415
1374,40.802554,-73.933509,7311,17340
1375,40.81734,-73.922962,5238,11545
1376,40.805701,-73.925177,3079,6609
1377,40.728,-73.986,1,1
1378,40.813619,-73.939336,8005,16267
1379,40.743,-73.995,2,2
1380,40.806414,-73.936085,3045,7699
1381,40.812191,-73.937838,4689,12108
1382,40.808484,-73.928803,2032,4863
1383,40.810893,-73.927311,3492,10004
1384,40.812346,-73.946168,5516,16003
1385,40.810224,-73.937195,5945,13311
1386,40.814469,-73.924963,1866,4798
1387,40.816355,-73.954295,3136,6816
1388,40.816576,-73.927987,4182,5596
1389,40.81014,-73.93973,5653,14258
1390,40.808384,-73.923604,3391,9376
1391,40.81093,-73.921606,2729,6725
1392,40.81449,-73.936153,4868,12558
1393,40.818215,-73.950988,2350,6852
1394,40.819746,-73.951819,3879,8590
1395,40.80262,-73.9174,306,1121
1396,40.805089,-73.918889,1331,3585
1397,40.818477,-73.947568,8963,16754
1398,40.800425,-73.911034,807,1933
1399,40.800933,-73.913863,3881,6588
1400,40.803399,-73.919763,1234,3726
1401,40.813224,-73.930605,1029,3557
1402,40.809619,-73.917875,969,2888
1403,40.804168,-73.911545,837,2633
1404,40.820036,-73.921411,2851,4757
1405,40.812299,-73.92037,1217,4019
1406,40.808891,-73.91081,1743,4470
1407,40.811112,-73.914932,1371,3863
1408,40.801657,-73.909513,599,1814
1409,40.811675,-73.917037,1072,2719
1410,40.825125,-73.941616,8233,14904
1411,40.819783,-73.936521,5823,13086
1412,40.823168,-73.955857,8173,17438
1413,40.826969,-73.949738,6260,13438
1414,40.827305,-73.951989,8383,15221
1415,40.825244,-73.947257,4713,11359
1416,40.813135,-73.909235,2595,6300
1417,40.707,-73.929,1,0
1418,40.707,-73.935,1,1
1419,40.814046,-73.91186,1334,3410
1420,40.713,-73.965,1,1
1421,40.816827,-73.917338,3817,13524
1422,40.665,-73.989,1,1
1423,40.656,-74.01,1,1
1424,40.686,-73.953,1,1
1425,40.692,-73.977,1,1
1426,40.725,-73.983,1,1
1427,40.74,-73.98,1,1162
1428,40.752,-73.941,1,1
1429,40.820877,-73.939249,5012,10808
1430,40.819241,-73.941057,6159,15105
1431,40.816234,-73.948222,7816,19705
1432,40.815484,-73.935856,7289,16057
1433,40.812735,-73.923697,1351,4961
1434,40.820003,-73.959089,8019,14744
1435,40.812304,-73.929153,1041,4137
1436,40.805559,-73.914718,966,3571
1437,40.758,-73.944,1,1
1438,40.776,-73.929,1,1
1439,40.68,-73.956,1,1
1440,40.716,-73.947,2,2
1441,40.81296,-73.941878,5917,16782
1442,40.813539,-73.94521,6484,16891
1443,40.807258,-73.907999,68,69
1444,40.818,-73.917,1,1
1445,40.807408,-73.91924,2131,7394
1446,40.806,-73.908,1,1
1447,40.809,-73.923,1,1
1448,40.758,-73.923,1,1
1449,40.77,-73.935,1,1
1450,40.820681,-73.945144,9918,23678
1451,40.808633,-73.916124,1498,4326
1452,40.821294,-73.947868,1435,4722
1453,40.806896,-73.911837,844,2481
1454,40.814673,-73.91839,1544,4869
1455,40.683,-73.944,1,1
1456,40.719,-73.95,1,1
1457,40.686,-73.917,1,1
1458,40.686,-73.914,1,0
1459,40.704,-73.917,1,1
1460,40.704,-73.905,1,1
1461,40.698,-73.899,1,1
1462,40.71,-73.917,2,2
1463,40.707,-73.923,1,1
1464,40.713,-73.92,1,1
1465,40.71,-73.923,2,2
1466,40.7639089,-73.9477213,13730,32664
1467,40.757284,-73.9536,12831,33947
1468,40.746,-73.983,1,1
1469,40.776,-73.98,1,1
1470,40.782,-73.98,1,1
1471,40.791,-73.974,1,1
1472,40.737,-74.01,1,1
1473,40.75370225419114,-73.95865201950072,5701,12728
1474,40.764,-73.959,1,1
1475,40.797,-73.938,1,1
1476,40.8,-73.941,1,1
1477,40.791,-73.947,1,1
1478,40.809,-73.938,1,1
1479,40.822756,-73.951346,2462,7454
1480,40.827075,-73.945909,3871,9065
1481,40.812,-73.938,1,0
1482,40.823498,-73.94386,6756,16150
1483,40.812,-73.923,3,3
1484,40.814232,-73.903927,2198,4361
1485,40.811314,-73.907729,1023,2371
1486,40.816124,-73.908116,2068,6109
1487,40.812,-73.914,3,3
1488,40.815,-73.911,1,1
1489,40.779,-73.95,1,1
1490,40.782,-73.947,1,1
1491,40.776,-73.95,1,1
1492,40.82281,-73.937413,3615,9841
1493,40.817555,-73.957163,3262,10289
1494,40.815887,-73.911918,792,2871
1495,40.75461,-73.99177,37539,106289
1496,40.77237,-73.99005,25604,86811
1497,40.807347437082,-73.90809774398804,309,951
1498,40.81695971032464,-73.9422959089279,8515,24110
1499,40.8190344,-73.956156,3687,12779
1500,40.75863,-73.97513,11335,38366
1501,40.826406,-73.937948,2190,7068
1502,40.825289,-73.936232,1621,7155
1503,40.821111,-73.935971,1716,6110
1504,40.821728,-73.952761,2045,6314
1505,40.824013,-73.954743,1876,4408
1506,40.829114,-73.950426,4914,10529
1507,40.831327,-73.946665,2582,5855
1508,40.826881,-73.941427,1205,3152
1509,40.814383,-73.915368,1068,4316
1510,40.82057,-73.917579,653,2317
1511,40.819609,-73.916071,833,3182
1512,40.817166,-73.914737,735,3260
1513,40.827212,-73.942722,3154,9011
1514,40.816402,-73.919549,1516,5032
1515,40.817755,-73.92965,1107,3736
1516,40.807466,-73.927107,1481,5263
1517,40.829523,-73.944279,1867,5712
1518,40.819823,-73.912411,1572,5473
1519,40.82188,-73.907521,991,2550
1520,40.820713,-73.911759,1097,3415
1521,40.830476,-73.939929,1270,4140
1522,40.81899,-73.90202,1401,2788
1523,40.830702,-73.936371,1064,3910
1524,40.82831,-73.942924,957,3292
1525,40.75969995906254,-73.97808194160461,9251,23796
1526,40.832314,-73.94102,1615,3799
1527,40.75793646243674,-73.97960275411606,9229,30497
1528,40.82923,-73.936996,1799,6475
1529,40.839278,-73.945446,1321,3540
1530,40.834468,-73.939865,2036,5831
1531,40.83618,-73.939789,1940,4821
1532,40.817802,-73.905203,676,2616
1533,40.84004,-73.942939,3148,8124
1534,40.839137,-73.941409,2818,5757
1535,40.820302,-73.903944,573,1748
1536,40.84522,-73.940493,3077,7892
1537,40.782535857724106,-73.97908508777618,19680,26443
1538,40.842173,-73.935111,1420,4031
1539,40.81989,-73.908351,374,1728
1540,40.842941,-73.938631,1698,4966
1541,40.835775,-73.9434,4183,12132
1542,40.832081,-73.942386,1341,4205
1543,40.78476,-73.969862,22507,73517
1544,40.833303,-73.939326,491,1962
1545,40.838191,-73.936085,1039,3101
1546,40.839443,-73.937044,1582,4359
1547,40.835798,-73.937496,456,2190
1548,40.844044,-73.933651,982,3222
1549,40.848282,-73.941343,1829,4736
1550,40.846052,-73.937648,1386,5287
1551,40.848467,-73.936064,2555,8600
1552,40.847305,-73.933291,879,3705
1553,40.847396,-73.931205,954,2824
1554,40.742684734875695,-73.98671329021454,13286,49901
1555,40.830663,-73.941323,1918,4812
1556,40.818212,-73.955277,538,2335
1557,40.852252,-73.937854,5142,9879
1558,40.78866499127884,-73.96680057048798,15314,57329
1559,40.79249519495111,-73.96417066463071,20910,57696
1560,40.79603684159984,-73.96158903853575,10244,18982
1561,40.849972,-73.938423,3417,9765
1562,40.84925,-73.93022,1796,4475
1563,40.828847,-73.91769,1752,1770
1564,40.833909,-73.92112,721,2490
1565,40.832812,-73.929372,946,2468
1566,40.83173,-73.922394,714,2328
1567,40.820089,-73.928947,1861,4944
1568,40.830262,-73.923391,706,2141
1569,40.834263,-73.917641,1713,5898
1570,40.834457,-73.928381,1028,3744
1571,40.839312,-73.922423,809,3484
1572,40.72506551015475,-73.97515833377838,8333,31168
1573,40.834015,-73.908863,1548,4534
1574,40.835334,-73.9154,922,2000
1575,40.839549,-73.913004,1617,3945
1576,40.840536,-73.919228,616,1839
1577,40.84207,-73.926075,959,3693
1578,40.822215,-73.914688,668,3191
1579,40.843965,-73.920999,1342,2937
1580,40.823429,-73.924689,661,2075
1581,40.827883,-73.927111,3712,16019
1582,40.830179,-73.928747,600,2232
1583,40.74714,-73.97113,24701,87841
1584,40.826677,-73.929327,486,3134
1585,40.831584,-73.9149,1097,4322
1586,40.829608,-73.921461,1087,4788
1587,40.839142,-73.925961,432,1253
1588,40.837576,-73.910489,684,1654
1589,40.825716,-73.915585,1202,4398
1590,40.7494985460252,-73.97729203113158,20723,70985
1591,40.843264,-73.904867,804,2337
1592,40.83649,-73.918316,852,3668
1593,40.827115,-73.92272,1789,3542
1594,40.70858894240581,-74.00935482235809,3378,27005
1595,40.829797,-73.931015,137,2631
1596,40.812769,-73.901583,610,2893
1597,40.816343,-73.896447,822,3482
1598,40.815077,-73.899939,465,2716
1599,40.818185,-73.894143,478,1846
1600,40.819701,-73.901311,1074,3888
1601,40.822267,-73.916792,572,2523
1602,40.844075,-73.917256,1111,3499
1603,40.821075,-73.895069,407,1973
1604,40.82441,-73.92818,1755,6118
1605,40.823162,-73.923267,538,2526
1606,40.820578,-73.888271,371,985
1607,40.821967,-73.896752,644,2821
1608,40.84301,-73.91172,1681,4792
1609,40.83299,-73.94592,1691,8222
1610,40.824796,-73.90242,677,2677
1611,40.823872,-73.908699,678,4259
1612,40.827184,-73.893721,422,1229
1613,40.832678,-73.905158,617,3916
1614,40.834124,-73.88955,741,2005
1615,40.830529,-73.894717,544,1883
1616,40.85168,-73.94186,2686,11512
1617,40.832057,-73.927421,235,1403
1618,40.823732,-73.919379,736,3388
1619,40.83545,-73.90153,416,2205
1620,40.83406,-73.92243,668,3464
1621,40.82696,-73.907451,612,2887
1622,40.745686,-74.005141,14366,83485
1623,40.830471,-73.904556,455,1452
1624,40.834857,-73.903743,927,3511
1625,40.66407983678161,-73.96025128666679,5699,22577
1626,40.836103,-73.907199,383,384
1627,40.825737,-73.927311,971,4988
1628,40.83899,-73.9109,93,606
1629,40.83999,-73.90549,792,2822
1630,40.839586,-73.900277,590,2432
1631,40.84224,-73.8985,686,3953
1632,40.819999,-73.897263,190,1257
1633,40.822545,-73.901824,420,2391
1634,40.83094,-73.91125,678,3043
1635,40.82895,-73.90521,310,1459
1636,40.840484,-73.917946,766,6081
1637,40.827301,-73.896372,288,1435
1638,40.83130549267296,-73.91744792461395,477,2310
1639,40.840683,-73.915073,762,3291
1640,40.838379,-73.905838,433,2467
1641,40.78294,-73.93077,2697,17406
1642,40.79346,-73.92389,1433,8792
1643,40.79558,-73.91906,976,6956
1644,40.80046,-73.92404,763,4628
1645,40.831444,-73.926226,387,2128
1646,40.829896,-73.907618,629,2565
1647,40.828199,-73.903719,289,2446
1648,40.83196,-73.91956,536,3584
1649,40.818154,-73.925294,532,3986
1650,40.835302,-73.895133,201,1483
1651,40.831762,-73.896853,166,981
1652,40.82809,-73.91288,366,3146
1653,40.831998,-73.892686,287,1739
1654,40.830025,-73.886312,229,1308
1655,40.813991,-73.8855,176,2040
1656,40.824811,-73.916407,527,4149
1657,40.69623297129316,-73.99142056703568,3074,21467
1658,40.837213,-73.908345,246,1760
1659,40.828975,-73.911259,229,1266
1660,40.83263,-73.925101,200,2350
1661,40.838706,-73.927034,81,1370
1662,40.83171,-73.90208,320,2481
1663,40.811892,-73.904192,285,3371
1664,40.833246,-73.896599,261,1962
1665,40.83579,-73.913741,474,2126
1666,40.842675,-73.908544,213,1654
1667,40.822217,-73.928939,1427,10198
1668,40.816126,-73.891559,60,737
1669,40.824,-73.91089,506,4829
1670,40.830051,-73.892103,317,2420
1671,40.82394,-73.894025,138,1052
1672,40.826303,-73.898751,342,2665
1673,40.839194,-73.888587,216,1696
1674,40.837037,-73.890413,116,1329
1675,40.832649,-73.885272,314,2270
1676,40.843079,-73.900216,376,1662
1677,40.8358771,-73.8931428,40,658
1678,40.82995,-73.898802,125,1584
1679,40.823061,-73.941928,1305,10921
1680,40.839335,-73.886445,346,3478
1681,40.841092,-73.892317,359,3563
1682,40.816567,-73.888161,160,2142
1683,40.825322,-73.887729,207,744
1684,40.826706,-73.888719,207,1437
1685,40.836274,-73.884308,309,2787
1686,40.840494,-73.911479,112,1401
1687,40.818743,-73.890247,64,696
1688,40.832171,-73.889686,117,1361
1689,40.83617913677475,-73.90730146322765,678,3392
1690,40.832164,-73.949702,792,8317
1691,40.822351,-73.926907,225,2313
1692,40.821952,-73.888546,247,2998
1693,40.844811,-73.912042,349,2066
1694,40.839229,-73.899047,79,1426
1695,40.756951,-73.982631,5637,58436
1696,40.75414519263519,-73.9960889518261,1885,35600
1697,40.76473420006519,-73.99194359779358,762,31067
1698,40.768333,-73.992573,2322,48998
1699,40.762009,-73.996975,2043,52182
1700,40.824956,-73.891677,175,4062
1701,40.81872569990116,-73.88862490653992,37,833
1702,40.757334,-73.974235,884,12737
1703,40.70336686695866,-74.007867872715,690,21993
1704,40.74005708567285,-74.0052741765976,1515,45505
1705,40.72583996792375,-74.0076532959938,1127,38989
1706,40.76535380385866,-73.93986314535141,224,6019
1707,40.73342399437081,-74.00851495563984,1079,29322
1708,40.778557,-73.919046,208,3600
1709,40.772768286288304,-73.92743647098541,164,6734
1710,40.759604471387945,-73.92714411020279,220,6174
1711,40.7725996921817,-73.93266275525093,116,3186
1712,40.756265,-73.964179,1213,28952
1713,40.836733,-73.887931,60,3073
1714,40.77301508291382,-73.91119033098221,194,4780
1715,40.840124,-73.93949,151,850
1716,40.756351,-73.936515,75,4600
1717,40.827230499624726,-73.91765579597632,158,4479
1718,40.73191132323174,-74.008769094944,833,26438
1719,40.827629,-73.886659,31,2750
1720,40.75905795418586,-73.91897544264793,355,17625
1721,40.76547569244953,-73.91811579465866,411,11181
1722,40.752643,-73.974996,572,35719
1723,40.77977,-73.923162,81,6620
1724,40.752149,-73.989539,567,28812
1725,40.83670566862804,-73.92608866095543,11,1236
1726,40.838315,-73.912604,18,1614
1727,40.74275179648995,-73.9847157150507,439,30248
1728,40.754139,-73.919543,34,2066
1729,40.752372,-73.925384,32,2930
1730,40.763422,-73.914142,114,6921
1731,40.752443,-73.929737,64,4115
1732,40.753091,-73.920603,89,3101
1733,40.766824,-73.930486,9,2484
1734,40.754795,-73.917014,26,3488
1735,40.761294,-73.909562,43,3825
1736,40.76072,-73.910989,15,2453
1737,40.765753,-73.90676,28,2624
1738,40.750181,-73.919998,65,7528
1739,40.75388,-73.914952,49,4716
1740,40.758057,-73.909831,35,3245
1741,40.763328,-73.908782,22,2969
1742,40.755763,-73.912715,57,6506
1743,40.753441,-73.912402,59,3664
1744,40.757764,-73.907654,19,1453
1745,40.767666,-73.910963,42,5663
1746,40.760083,-73.907107,19,3611
1747,40.769673,-73.906018,13,1908
1748,40.754164,-73.908906,3,3869
1749,40.754176,-73.900318,39,7043
1750,40.757357,-73.904726,16,2597
1751,40.755389,-73.911517,17,1719
1752,40.644512,-74.021506,17,2815
1753,40.762507,-73.902534,5,1788
1754,40.772717,-73.906127,22,2915
1755,40.774306,-73.908335,17,5692
1756,40.776168,-73.910485,9,12510
1757,40.757525,-73.901614,5,1750
1758,40.769219,-73.901001,10,1622
1759,40.646377,-74.023087,7,2785
1760,40.77813,-73.90842,9,4730
1761,40.751555,-73.915026,18,7044
1762,40.771203,-73.903865,30,4753
1763,40.774798,-73.903787,11,3961
1764,40.783956,-73.916894,4,2790
1765,40.782465,-73.914527,3,4307
1766,40.780478,-73.912212,6,5899
